{
"r_arm_go_pos":[
        -5.075253632389593,
        -3.0736049007617954,
        53.41796903834806,
        -12.768349555091662,
        -45.34367604753957,
        7.274131460265298,
        2.293060738470967,
        -5.571391412409446,
        7.9837233721441105,
        -52.560465105553746,
        -14.225998161965274,
        45.46242101358129,
        -2.9352815947212356,
        12.165503361527412
      ],
"r_arm_end_go_pos":[
    -4.313562662489414,
    -5.838536956063269,
    62.03231385355982,
    -17.68162376534886,
    -48.16516031605188,
    7.847185226872478,
    3.3328533126058217,
    3.9715822786965425,
    3.8400049678363652,
    -11.466115046618572,
    -94.9828547811292,
    9.889747160505959,
    -3.170920894226894,
    0.2243977783819416
  ],
  "start":[
    0.0,
    0.0,
    0.0,
    0.0,
    0.0,
    0.0,
    0.0,
    2.545217207491957,
    -1.0145516721277745,
    -18.23009402713349,
    -109.28240075842663,
    16.929158558746696,
    9.245751927966596,
    -2.134495287859326
  ],
  "mid":[
    0.0,
    0.0,
    0.0,
    0.0,
    0.0,
    0.0,
    0.0,
    -3.531199876262675,
    -5.261007666284277,
    -70.3274900879526,
    -39.90364357358912,
    28.734884369707032,
    -4.163166091555113,
    2.4576929133295677
  ],
  "zero":[
    0.0,
    0.0,
    0.0,
    0.0,
    0.0,
    0.0,
    0.0,
    0.0,
    0.0,
    0.0,
    0.0,
    0.0,
    0.0,
    0.0
  ],
  "Task20_r_start":[
    0.0,
    0.0,
    0.0,
    0.0,
    0.0,
    0.0,
    0.0,
    13.334446048389193,
    5.672367560494016,
    -10.775869488665263,
    -94.70905027640366,
    79.52012007853257,
    -11.560951119310467,
    -2.904171746134352
],
  "Task20_r_mid":[
    0.0,
    0.0,
    0.0,
    0.0,
    0.0,
    0.0,
    0.0,
    -7.188430247381169,
    7.0321717280698435,
    -37.34147280483083,
    -51.32217543417298,
    50.02972645863233,
    -5.990261210987068,
    -25.77930995470219
  ],
  "Task21_r_start":[
    0.0,
    0.0,
    0.0,
    0.0,
    0.0,
    0.0,
    0.0,
    8.976857003041026,
    1.4866970834884539,
    -7.500028535417077,
    -98.8757410365736,
    -4.155546636362092,
    -3.101826676953859,
    -2.9661401556328757
  ],
  "Task21_r_start1":[
    0.0,
    0.0,
    0.0,
    0.0,
    0.0,
    0.0,
    0.0,
    6.281837601670239,
    10.319325129427337,
    -12.99999947349516,
    -82.98449679536509,
    5.982697120129303,
    -17.132588371790803,
    -21.73825248334172
  ]
}